State Name,District Name,Total
Andaman And Nicobar Islands,Nicobars,349.0
Andaman And Nicobar Islands,North And Middle Andaman,2054.0
Andaman And Nicobar Islands,South Andamans,4467.0
Andhra Pradesh,Alluri Sitharama Raju,477.0
Andhra Pradesh,Anakapalli,423.0
Andhra Pradesh,Ananthapuramu,100286.0
Andhra Pradesh,Annamayya,267.0
Andhra Pradesh,Bapatla,149.0
Andhra Pradesh,Chittoor,103438.0
Andhra Pradesh,Dr. B.R. Ambedkar Konaseema,563.0
Andhra Pradesh,East Godavari,97923.0
Andhra Pradesh,Eluru,621.0
Andhra Pradesh,Guntur,90592.0
Andhra Pradesh,Kakinada,1599.0
Andhra Pradesh,Krishna,65248.0
Andhra Pradesh,Kurnool,74509.0
Andhra Pradesh,Nandyal,457.0
Andhra Pradesh,Ntr,1132.0
Andhra Pradesh,Palnadu,190.0
Andhra Pradesh,Parvathipuram Manyam,271.0
Andhra Pradesh,Prakasam,60393.0
Andhra Pradesh,Sri Potti Sriramulu Nellore,30941.0
Andhra Pradesh,Sri Sathya Sai,418.0
Andhra Pradesh,Srikakulam,52192.0
Andhra Pradesh,Tirupati,689.0
Andhra Pradesh,Visakhapatnam,77134.0
Andhra Pradesh,Vizianagaram,63088.0
Andhra Pradesh,West Godavari,62898.0
Andhra Pradesh,Y.S.R.,83669.0
Arunachal Pradesh,Anjaw,71.0
Arunachal Pradesh,Changlang,297.0
Arunachal Pradesh,Dibang Valley,20.0
Arunachal Pradesh,East Kameng,445.0
Arunachal Pradesh,East Siang,247.0
Arunachal Pradesh,Kamle,4.0
Arunachal Pradesh,Keyi Panyor,0.0
Arunachal Pradesh,Kra Daadi,1.0
Arunachal Pradesh,Kurung Kumey,21.0
Arunachal Pradesh,Leparada,4.0
Arunachal Pradesh,Lohit,39.0
Arunachal Pradesh,Longding,106.0
Arunachal Pradesh,Lower Dibang Valley,452.0
Arunachal Pradesh,Lower Subansiri,41.0
Arunachal Pradesh,Namsai,288.0
Arunachal Pradesh,Pakke Kessang,5.0
Arunachal Pradesh,Papum Pare,1519.0
Arunachal Pradesh,Shi Yomi,1.0
Arunachal Pradesh,Siang,338.0
Arunachal Pradesh,Tawang,64.0
Arunachal Pradesh,Tirap,72.0
Arunachal Pradesh,Upper Siang,85.0
Arunachal Pradesh,Upper Subansiri,73.0
Arunachal Pradesh,West Kameng,41.0
Arunachal Pradesh,West Siang,336.0
Assam,Bajali,638.0
Assam,Baksa,8760.0
Assam,Barpeta,17551.0
Assam,Biswanath,2634.0
Assam,Bongaigaon,6480.0
Assam,Cachar,11503.0
Assam,Charaideo,2414.0
Assam,Chirang,4227.0
Assam,Darrang,10569.0
Assam,Dhemaji,4113.0
Assam,Dhubri,8334.0
Assam,Dibrugarh,4960.0
Assam,Dima Hasao,597.0
Assam,Goalpara,19209.0
Assam,Golaghat,7826.0
Assam,Hailakandi,4739.0
Assam,Hojai,6435.0
Assam,Jorhat,6215.0
Assam,Kamrup,11089.0
Assam,Kamrup Metro,5398.0
Assam,Karbi Anglong,10145.0
Assam,Kokrajhar,9199.0
Assam,Lakhimpur,7205.0
Assam,Majuli,1325.0
Assam,Marigaon,8013.0
Assam,Nagaon,13819.0
Assam,Nalbari,10523.0
Assam,Sivasagar,4946.0
Assam,Sonitpur,8771.0
Assam,South Salmara Mancachar,1709.0
Assam,Sribhumi,10114.0
Assam,Tamulpur,6.0
Assam,Tinsukia,4200.0
Assam,Udalguri,5556.0
Assam,West Karbi Anglong,576.0
Bihar,Araria,12716.0
Bihar,Arwal,7288.0
Bihar,Aurangabad,10698.0
Bihar,Banka,13114.0
Bihar,Begusarai,22301.0
Bihar,Bhagalpur,26437.0
Bihar,Bhojpur,20442.0
Bihar,Buxar,14055.0
Bihar,Darbhanga,20839.0
Bihar,Gaya,26031.0
Bihar,Gopalganj,16600.0
Bihar,Jamui,12678.0
Bihar,Jehanabad,10132.0
Bihar,Kaimur (Bhabua),15567.0
Bihar,Katihar,26708.0
Bihar,Khagaria,9557.0
Bihar,Kishanganj,11913.0
Bihar,Lakhisarai,6882.0
Bihar,Madhepura,10160.0
Bihar,Madhubani,10001.0
Bihar,Munger,14492.0
Bihar,Muzaffarpur,21544.0
Bihar,Nalanda,20534.0
Bihar,Nawada,13519.0
Bihar,Pashchim Champaran,31090.0
Bihar,Patna,28157.0
Bihar,Purbi Champaran,24322.0
Bihar,Purnia,23414.0
Bihar,Rohtas,22346.0
Bihar,Saharsa,10652.0
Bihar,Samastipur,50871.0
Bihar,Saran,21750.0
Bihar,Sheikhpura,5466.0
Bihar,Sheohar,7139.0
Bihar,Sitamarhi,21603.0
Bihar,Siwan,26238.0
Bihar,Supaul,14653.0
Bihar,Vaishali,23947.0
Chandigarh,Chandigarh,12694.0
Chhattisgarh,Balod,6248.0
Chhattisgarh,Balodabazar-Bhatapara,9605.0
Chhattisgarh,Balrampur Ramanujganj,8768.0
Chhattisgarh,Bastar,10129.0
Chhattisgarh,Bemetara,5146.0
Chhattisgarh,Bijapur,2674.0
Chhattisgarh,Bilaspur,20526.0
Chhattisgarh,Dakshin Bastar Dantewada,241.0
Chhattisgarh,Dhamtari,9866.0
Chhattisgarh,Durg,18457.0
Chhattisgarh,Gariyaband,10006.0
Chhattisgarh,Gaurela Pendra Marwahi,1338.0
Chhattisgarh,Janjgir-Champa,15752.0
Chhattisgarh,Jashpur,12170.0
Chhattisgarh,Kabeerdham,10937.0
Chhattisgarh,Khairagarh Chhuikhadan Gandai,403.0
Chhattisgarh,Kondagaon,8158.0
Chhattisgarh,Korba,8507.0
Chhattisgarh,Korea,7747.0
Chhattisgarh,Mahasamund,13189.0
Chhattisgarh,Manendragarh Chirmiri Bharatpur Mcb,639.0
Chhattisgarh,Mohla Manpur Ambagarh Chouki,295.0
Chhattisgarh,Mungeli,9636.0
Chhattisgarh,Narayanpur,1269.0
Chhattisgarh,Raigarh,17309.0
Chhattisgarh,Raipur,15495.0
Chhattisgarh,Rajnandgaon,18133.0
Chhattisgarh,Sakti,356.0
Chhattisgarh,Sarangarh Bilaigarh,1482.0
Chhattisgarh,Sukma,3285.0
Chhattisgarh,Surajpur,5140.0
Chhattisgarh,Surguja,7992.0
Chhattisgarh,Uttar Bastar Kanker,12078.0
Delhi,Central,10826.0
Delhi,East,7703.0
Delhi,New Delhi,8570.0
Delhi,North,3360.0
Delhi,North East,16151.0
Delhi,North West,15316.0
Delhi,Shahdara,6841.0
Delhi,South,8456.0
Delhi,South East,7788.0
Delhi,South West,4085.0
Delhi,West,15963.0
Goa,North Goa,8733.0
Goa,South Goa,4132.0
Gujarat,Ahmedabad,40919.0
Gujarat,Amreli,17557.0
Gujarat,Anand,17948.0
Gujarat,Arvalli,11131.0
Gujarat,Banas Kantha,25381.0
Gujarat,Bharuch,11015.0
Gujarat,Bhavnagar,15618.0
Gujarat,Botad,6337.0
Gujarat,Chhotaudepur,6845.0
Gujarat,Dahod,15818.0
Gujarat,Dangs,2150.0
Gujarat,Devbhumi Dwarka,5752.0
Gujarat,Gandhinagar,7944.0
Gujarat,Gir Somnath,8795.0
Gujarat,Jamnagar,17163.0
Gujarat,Junagadh,13927.0
Gujarat,Kachchh,16861.0
Gujarat,Kheda,18646.0
Gujarat,Mahesana,16730.0
Gujarat,Mahisagar,9786.0
Gujarat,Morbi,7780.0
Gujarat,Narmada,3821.0
Gujarat,Navsari,8379.0
Gujarat,Panch Mahals,13497.0
Gujarat,Patan,12246.0
Gujarat,Porbandar,7198.0
Gujarat,Rajkot,28180.0
Gujarat,Sabar Kantha,19196.0
Gujarat,Surat,36413.0
Gujarat,Surendranagar,11578.0
Gujarat,Tapi,7193.0
Gujarat,Vadodara,27656.0
Gujarat,Valsad,13745.0
Haryana,Ambala,10772.0
Haryana,Bhiwani,12556.0
Haryana,Charki Dadri,3691.0
Haryana,Faridabad,11477.0
Haryana,Fatehabad,11063.0
Haryana,Gurugram,8364.0
Haryana,Hisar,17424.0
Haryana,Jhajjar,7355.0
Haryana,Jind,12111.0
Haryana,Kaithal,9114.0
Haryana,Karnal,15335.0
Haryana,Kurukshetra,11078.0
Haryana,Mahendragarh,12078.0
Haryana,Nuh,9588.0
Haryana,Palwal,8175.0
Haryana,Panchkula,6643.0
Haryana,Panipat,9544.0
Haryana,Rewari,7511.0
Haryana,Rohtak,12974.0
Haryana,Sirsa,12228.0
Haryana,Sonipat,10914.0
Haryana,Yamunanagar,11544.0
Himachal Pradesh,Bilaspur,6005.0
Himachal Pradesh,Chamba,6490.0
Himachal Pradesh,Hamirpur,7661.0
Himachal Pradesh,Kangra,23702.0
Himachal Pradesh,Kinnaur,1106.0
Himachal Pradesh,Kullu,7623.0
Himachal Pradesh,Lahul And Spiti,323.0
Himachal Pradesh,Mandi,20399.0
Himachal Pradesh,Shimla,12400.0
Himachal Pradesh,Sirmaur,7094.0
Himachal Pradesh,Solan,8932.0
Himachal Pradesh,Una,6755.0
Jammu And Kashmir,Anantnag,14734.0
Jammu And Kashmir,Bandipora,8696.0
Jammu And Kashmir,Baramulla,15300.0
Jammu And Kashmir,Budgam,10735.0
Jammu And Kashmir,Doda,12774.0
Jammu And Kashmir,Ganderbal,6947.0
Jammu And Kashmir,Jammu,18381.0
Jammu And Kashmir,Kathua,10816.0
Jammu And Kashmir,Kishtwar,5956.0
Jammu And Kashmir,Kulgam,7159.0
Jammu And Kashmir,Kupwara,21925.0
Jammu And Kashmir,Poonch,24730.0
Jammu And Kashmir,Pulwama,10351.0
Jammu And Kashmir,Rajouri,16935.0
Jammu And Kashmir,Ramban,6480.0
Jammu And Kashmir,Reasi,4568.0
Jammu And Kashmir,Samba,4759.0
Jammu And Kashmir,Shopian,4444.0
Jammu And Kashmir,Srinagar,10176.0
Jammu And Kashmir,Udhampur,9242.0
Jharkhand,Bokaro,14102.0
Jharkhand,Chatra,1989.0
Jharkhand,Deoghar,4179.0
Jharkhand,Dhanbad,7651.0
Jharkhand,Dumka,8757.0
Jharkhand,East Singhbum,15393.0
Jharkhand,Garhwa,10100.0
Jharkhand,Giridih,11808.0
Jharkhand,Godda,16017.0
Jharkhand,Gumla,10832.0
Jharkhand,Hazaribagh,12253.0
Jharkhand,Jamtara,7295.0
Jharkhand,Khunti,1922.0
Jharkhand,Koderma,5905.0
Jharkhand,Latehar,4474.0
Jharkhand,Lohardaga,5934.0
Jharkhand,Pakur,6685.0
Jharkhand,Palamu,11025.0
Jharkhand,Ramgarh,11274.0
Jharkhand,Ranchi,16886.0
Jharkhand,Sahebganj,9090.0
Jharkhand,Saraikela Kharsawan,2594.0
Jharkhand,Simdega,4880.0
Jharkhand,West Singhbhum,7733.0
Karnataka,Bagalkote,33565.0
Karnataka,Ballari,32985.0
Karnataka,Belagavi,90772.0
Karnataka,Bengaluru Rural,16604.0
Karnataka,Bengaluru Urban,51541.0
Karnataka,Bidar,24618.0
Karnataka,Chamarajanagara,19369.0
Karnataka,Chikkaballapura,22632.0
Karnataka,Chikkamagaluru,17685.0
Karnataka,Chitradurga,34521.0
Karnataka,Dakshina Kannada,24522.0
Karnataka,Davangere,29393.0
Karnataka,Dharwad,32245.0
Karnataka,Gadag,21581.0
Karnataka,Hassan,28788.0
Karnataka,Haveri,38598.0
Karnataka,Kalaburagi,37877.0
Karnataka,Kodagu,7276.0
Karnataka,Kolar,22246.0
Karnataka,Koppal,24343.0
Karnataka,Mandya,28664.0
Karnataka,Mysuru,37830.0
Karnataka,Raichur,30915.0
Karnataka,Ramanagara,16348.0
Karnataka,Shivamogga,22258.0
Karnataka,Tumakuru,51008.0
Karnataka,Udupi,16774.0
Karnataka,Uttara Kannada,22781.0
Karnataka,Vijayanagar,10107.0
Karnataka,Vijayapura,38241.0
Karnataka,Yadgir,30562.0
Kerala,Alappuzha,24391.0
Kerala,Ernakulam,31724.0
Kerala,Idukki,13427.0
Kerala,Kannur,27073.0
Kerala,Kasaragod,23374.0
Kerala,Kollam,27538.0
Kerala,Kottayam,25139.0
Kerala,Kozhikode,41717.0
Kerala,Malappuram,56101.0
Kerala,Palakkad,35579.0
Kerala,Pathanamthitta,16338.0
Kerala,Thiruvananthapuram,39992.0
Kerala,Thrissur,38994.0
Kerala,Wayanad,11531.0
Ladakh,Kargil,2758.0
Ladakh,Leh Ladakh,1366.0
Lakshadweep,Lakshadweep District,1326.0
Madhya Pradesh,Agar-Malwa,6559.0
Madhya Pradesh,Alirajpur,7574.0
Madhya Pradesh,Anuppur,8748.0
Madhya Pradesh,Ashoknagar,12109.0
Madhya Pradesh,Balaghat,36895.0
Madhya Pradesh,Barwani,18819.0
Madhya Pradesh,Betul,21976.0
Madhya Pradesh,Bhind,35658.0
Madhya Pradesh,Bhopal,25253.0
Madhya Pradesh,Burhanpur,9290.0
Madhya Pradesh,Chhatarpur,24836.0
Madhya Pradesh,Chhindwara,34872.0
Madhya Pradesh,Damoh,19049.0
Madhya Pradesh,Datia,13640.0
Madhya Pradesh,Dewas,17156.0
Madhya Pradesh,Dhar,23327.0
Madhya Pradesh,Dindori,9263.0
Madhya Pradesh,Guna,14963.0
Madhya Pradesh,Gwalior,21878.0
Madhya Pradesh,Harda,9457.0
Madhya Pradesh,Indore,24347.0
Madhya Pradesh,Jabalpur,50380.0
Madhya Pradesh,Jhabua,12745.0
Madhya Pradesh,Katni,24443.0
Madhya Pradesh,Khandwa (East Nimar),15623.0
Madhya Pradesh,Khargone (West Nimar),21905.0
Madhya Pradesh,MAUGANJ,499.0
Madhya Pradesh,Maihar,847.0
Madhya Pradesh,Mandla,15018.0
Madhya Pradesh,Mandsaur,17504.0
Madhya Pradesh,Morena,19904.0
Madhya Pradesh,Narmadapuram,13712.0
Madhya Pradesh,Narsimhapur,20300.0
Madhya Pradesh,Neemuch,10050.0
Madhya Pradesh,Niwari,5614.0
Madhya Pradesh,Pandhurna,52.0
Madhya Pradesh,Panna,13163.0
Madhya Pradesh,Raisen,23110.0
Madhya Pradesh,Rajgarh,26214.0
Madhya Pradesh,Ratlam,14177.0
Madhya Pradesh,Rewa,21467.0
Madhya Pradesh,Sagar,30847.0
Madhya Pradesh,Satna,30390.0
Madhya Pradesh,Sehore,25572.0
Madhya Pradesh,Seoni,18977.0
Madhya Pradesh,Shahdol,18046.0
Madhya Pradesh,Shajapur,10820.0
Madhya Pradesh,Sheopur,8731.0
Madhya Pradesh,Shivpuri,15923.0
Madhya Pradesh,Sidhi,15571.0
Madhya Pradesh,Singrauli,11228.0
Madhya Pradesh,Tikamgarh,17608.0
Madhya Pradesh,Ujjain,25078.0
Madhya Pradesh,Umaria,8328.0
Madhya Pradesh,Vidisha,28949.0
Maharashtra,Ahilyanagar,53261.0
Maharashtra,Akola,37370.0
Maharashtra,Amravati,60719.0
Maharashtra,Beed,34623.0
Maharashtra,Bhandara,27727.0
Maharashtra,Buldhana,69987.0
Maharashtra,Chandrapur,28824.0
Maharashtra,Chhatrapati Sambhajinagar,36445.0
Maharashtra,Dharashiv,26850.0
Maharashtra,Dhule,33129.0
Maharashtra,Gadchiroli,17604.0
Maharashtra,Gondia,16743.0
Maharashtra,Hingoli,20137.0
Maharashtra,Jalgaon,51775.0
Maharashtra,Jalna,33185.0
Maharashtra,Kolhapur,45188.0
Maharashtra,Latur,33827.0
Maharashtra,Mumbai,36220.0
Maharashtra,Mumbai Suburban,32242.0
Maharashtra,Nagpur,50355.0
Maharashtra,Nanded,46897.0
Maharashtra,Nandurbar,15559.0
Maharashtra,Nashik,58669.0
Maharashtra,Palghar,21715.0
Maharashtra,Parbhani,34616.0
Maharashtra,Pune,92459.0
Maharashtra,Raigad,30495.0
Maharashtra,Ratnagiri,27133.0
Maharashtra,Sangli,36743.0
Maharashtra,Satara,35395.0
Maharashtra,Sindhudurg,12207.0
Maharashtra,Solapur,42966.0
Maharashtra,Thane,79970.0
Maharashtra,Wardha,20620.0
Maharashtra,Washim,25578.0
Maharashtra,Yavatmal,29393.0
Manipur,Bishnupur,2147.0
Manipur,Chandel,402.0
Manipur,Churachandpur,1682.0
Manipur,Imphal East,3205.0
Manipur,Imphal West,3694.0
Manipur,Jiribam,287.0
Manipur,Kakching,986.0
Manipur,Kamjong,79.0
Manipur,Kangpokpi,307.0
Manipur,Noney,285.0
Manipur,Pherzawl,8.0
Manipur,Senapati,471.0
Manipur,Tamenglong,557.0
Manipur,Tengnoupal,261.0
Manipur,Thoubal,1385.0
Manipur,Ukhrul,563.0
Meghalaya,East Garo Hills,1641.0
Meghalaya,East Jaintia Hills,1821.0
Meghalaya,East Khasi Hills,9097.0
Meghalaya,Eastern West Khasi Hills,1480.0
Meghalaya,North Garo Hills,1494.0
Meghalaya,Ri Bhoi,3101.0
Meghalaya,South Garo Hills,838.0
Meghalaya,South West Garo Hills,1812.0
Meghalaya,South West Khasi Hills,1465.0
Meghalaya,West Garo Hills,5343.0
Meghalaya,West Jaintia Hills,4055.0
Meghalaya,West Khasi Hills,2070.0
Mizoram,Aizawl,3320.0
Mizoram,Champhai,506.0
Mizoram,Hnahthial,568.0
Mizoram,Khawzawl,267.0
Mizoram,Kolasib,642.0
Mizoram,Lawngtlai,119.0
Mizoram,Lunglei,741.0
Mizoram,Mamit,398.0
Mizoram,Saiha,246.0
Mizoram,Saitual,157.0
Mizoram,Serchhip,438.0
Nagaland,Chumoukedima,0.0
Nagaland,Dimapur,1004.0
Nagaland,Kiphire,83.0
Nagaland,Kohima,908.0
Nagaland,Longleng,2.0
Nagaland,Mokokchung,553.0
Nagaland,Mon,622.0
Nagaland,Niuland,0.0
Nagaland,Noklak,2.0
Nagaland,Peren,56.0
Nagaland,Phek,173.0
Nagaland,Shamator,1.0
Nagaland,Tseminyu,1.0
Nagaland,Tuensang,136.0
Nagaland,Wokha,266.0
Nagaland,Zunheboto,70.0
Odisha,Anugul,24033.0
Odisha,Balangir,41472.0
Odisha,Baleshwar,64074.0
Odisha,Bargarh,31133.0
Odisha,Bhadrak,34580.0
Odisha,Boudh,11446.0
Odisha,Cuttack,36581.0
Odisha,Deogarh,8317.0
Odisha,Dhenkanal,29906.0
Odisha,Gajapati,23549.0
Odisha,Ganjam,62293.0
Odisha,Jagatsinghapur,23180.0
Odisha,Jajapur,38157.0
Odisha,Jharsuguda,12123.0
Odisha,Kalahandi,26175.0
Odisha,Kandhamal,23920.0
Odisha,Kendrapara,29699.0
Odisha,Kendujhar,30489.0
Odisha,Khordha,38985.0
Odisha,Koraput,28866.0
Odisha,Malkangiri,21713.0
Odisha,Mayurbhanj,49868.0
Odisha,Nabarangpur,18224.0
Odisha,Nayagarh,41323.0
Odisha,Nuapada,16942.0
Odisha,Puri,46865.0
Odisha,Rayagada,20166.0
Odisha,Sambalpur,21027.0
Odisha,Sonepur,17745.0
Odisha,Sundargarh,51412.0
Puducherry,Karaikal,3390.0
Puducherry,Pondicherry,20700.0
Punjab,Amritsar,30516.0
Punjab,Barnala,10375.0
Punjab,Bathinda,20333.0
Punjab,Faridkot,9107.0
Punjab,Fatehgarh Sahib,9878.0
Punjab,Fazilka,16859.0
Punjab,Ferozepur,11365.0
Punjab,Gurdaspur,26254.0
Punjab,Hoshiarpur,22742.0
Punjab,Jalandhar,28048.0
Punjab,Kapurthala,8870.0
Punjab,Ludhiana,41968.0
Punjab,Malerkotla,2886.0
Punjab,Mansa,11623.0
Punjab,Moga,12149.0
Punjab,Pathankot,10943.0
Punjab,Patiala,27654.0
Punjab,Rupnagar,9069.0
Punjab,S.A.S Nagar,11531.0
Punjab,Sangrur,25035.0
Punjab,Shahid Bhagat Singh Nagar,9233.0
Punjab,Sri Muktsar Sahib,9262.0
Punjab,Tarn Taran,14673.0
Rajasthan,Ajmer,26212.0
Rajasthan,Alwar,33034.0
Rajasthan,Anupgarh,474.0
Rajasthan,Balotra,2120.0
Rajasthan,Banswara,16770.0
Rajasthan,Baran,14421.0
Rajasthan,Barmer,21763.0
Rajasthan,Beawar,3650.0
Rajasthan,Bharatpur,25164.0
Rajasthan,Bhilwara,30001.0
Rajasthan,Bikaner,18571.0
Rajasthan,Bundi,15819.0
Rajasthan,Chittorgarh,21575.0
Rajasthan,Churu,16905.0
Rajasthan,Dausa,23775.0
Rajasthan,Deeg,2548.0
Rajasthan,Dholpur,13317.0
Rajasthan,Didwana-Kuchaman,4294.0
Rajasthan,Dudu,419.0
Rajasthan,Dungarpur,10273.0
Rajasthan,Ganganagar,24464.0
Rajasthan,Gangapurcity,682.0
Rajasthan,Hanumangarh,19775.0
Rajasthan,Jaipur,42736.0
Rajasthan,Jaipur (Gramin),1852.0
Rajasthan,Jaisalmer,5692.0
Rajasthan,Jalore,20823.0
Rajasthan,Jhalawar,35983.0
Rajasthan,Jhunjhunu,22030.0
Rajasthan,Jodhpur,24829.0
Rajasthan,Jodhpur (Gramin),541.0
Rajasthan,Karauli,13384.0
Rajasthan,Kekri,1045.0
Rajasthan,Khairthal-Tijara,2178.0
Rajasthan,Kota,18048.0
Rajasthan,Kotputli-Behror,3733.0
Rajasthan,Nagaur,30628.0
Rajasthan,Neem Ka Thana,729.0
Rajasthan,Pali,25953.0
Rajasthan,Phalodi,1795.0
Rajasthan,Pratapgarh,12814.0
Rajasthan,Rajsamand,16789.0
Rajasthan,Salumbar,886.0
Rajasthan,Sanchore,311.0
Rajasthan,Sawai Madhopur,10989.0
Rajasthan,Shahpura,219.0
Rajasthan,Sikar,17747.0
Rajasthan,Sirohi,14113.0
Rajasthan,Tonk,15731.0
Rajasthan,Udaipur,24394.0
Sikkim,Gangtok,2025.0
Sikkim,Gyalshing,1281.0
Sikkim,Mangan,346.0
Sikkim,Namchi,1746.0
Sikkim,Pakyong,399.0
Sikkim,Soreng,41.0
Tamil Nadu,Ariyalur,16116.0
Tamil Nadu,Chengalpattu,19139.0
Tamil Nadu,Chennai,49931.0
Tamil Nadu,Coimbatore,23532.0
Tamil Nadu,Cuddalore,45665.0
Tamil Nadu,Dharmapuri,26222.0
Tamil Nadu,Dindigul,28362.0
Tamil Nadu,Erode,25503.0
Tamil Nadu,Kallakurichi,18543.0
Tamil Nadu,Kancheepuram,19288.0
Tamil Nadu,Kanniyakumari,27873.0
Tamil Nadu,Karur,16549.0
Tamil Nadu,Krishnagiri,28491.0
Tamil Nadu,Madurai,35614.0
Tamil Nadu,Mayiladuthurai,6935.0
Tamil Nadu,Nagapattinam,18100.0
Tamil Nadu,Namakkal,25375.0
Tamil Nadu,Perambalur,11480.0
Tamil Nadu,Pudukkottai,24181.0
Tamil Nadu,Ramanathapuram,21004.0
Tamil Nadu,Ranipet,12945.0
Tamil Nadu,Salem,35345.0
Tamil Nadu,Sivaganga,23426.0
Tamil Nadu,Tenkasi,11298.0
Tamil Nadu,Thanjavur,36347.0
Tamil Nadu,The Nilgiris,9905.0
Tamil Nadu,Theni,18923.0
Tamil Nadu,Thiruvallur,36403.0
Tamil Nadu,Thiruvarur,19895.0
Tamil Nadu,Thoothukkudi,27225.0
Tamil Nadu,Tiruchirappalli,56917.0
Tamil Nadu,Tirunelveli,26552.0
Tamil Nadu,Tirupathur,16941.0
Tamil Nadu,Tiruppur,16258.0
Tamil Nadu,Tiruvannamalai,51007.0
Tamil Nadu,Vellore,34199.0
Tamil Nadu,Viluppuram,30461.0
Tamil Nadu,Virudhunagar,29895.0
Telangana,Adilabad,12971.0
Telangana,Bhadradri Kothagudem,23710.0
Telangana,Hanumakonda,24233.0
Telangana,Hyderabad,51184.0
Telangana,Jagitial,25266.0
Telangana,Jangoan,19132.0
Telangana,Jayashankar Bhupalapally,15839.0
Telangana,Jogulamba Gadwal,18977.0
Telangana,Kamareddy,28335.0
Telangana,Karimnagar,39831.0
Telangana,Khammam,50192.0
Telangana,Kumuram Bheem Asifabad,9309.0
Telangana,Mahabubabad,24527.0
Telangana,Mahabubnagar,35666.0
Telangana,Mancherial,19219.0
Telangana,Medak,12522.0
Telangana,Medchal Malkajgiri,43195.0
Telangana,Mulugu,2478.0
Telangana,Nagarkurnool,21742.0
Telangana,Nalgonda,54855.0
Telangana,Narayanpet,9281.0
Telangana,Nirmal,19475.0
Telangana,Nizamabad,35271.0
Telangana,Peddapalli,22242.0
Telangana,Rajanna Sircilla,14465.0
Telangana,Ranga Reddy,47813.0
Telangana,Sangareddy,13654.0
Telangana,Siddipet,22478.0
Telangana,Suryapet,33189.0
Telangana,Vikarabad,21508.0
Telangana,Wanaparthy,22405.0
Telangana,Warangal,24291.0
Telangana,Yadadri Bhuvanagiri,24306.0
The Dadra And Nagar Haveli And Daman And Diu,Dadra And Nagar Haveli,2658.0
The Dadra And Nagar Haveli And Daman And Diu,Daman,1349.0
The Dadra And Nagar Haveli And Daman And Diu,Diu,600.0
Tripura,Dhalai,7308.0
Tripura,Gomati,5545.0
Tripura,Khowai,2144.0
Tripura,North Tripura,4551.0
Tripura,Sepahijala,3281.0
Tripura,South Tripura,4596.0
Tripura,Unakoti,4733.0
Tripura,West Tripura,11378.0
Uttar Pradesh,Agra,33876.0
Uttar Pradesh,Aligarh,32185.0
Uttar Pradesh,Ambedkar Nagar,18833.0
Uttar Pradesh,Amethi,13977.0
Uttar Pradesh,Amroha,13805.0
Uttar Pradesh,Auraiya,13290.0
Uttar Pradesh,Ayodhya,13525.0
Uttar Pradesh,Azamgarh,35604.0
Uttar Pradesh,Baghpat,8819.0
Uttar Pradesh,Bahraich,30987.0
Uttar Pradesh,Ballia,27324.0
Uttar Pradesh,Balrampur,12199.0
Uttar Pradesh,Banda,17965.0
Uttar Pradesh,Bara Banki,32350.0
Uttar Pradesh,Bareilly,33722.0
Uttar Pradesh,Basti,15620.0
Uttar Pradesh,Bhadohi,11860.0
Uttar Pradesh,Bijnor,30321.0
Uttar Pradesh,Budaun,31434.0
Uttar Pradesh,Bulandshahr,30834.0
Uttar Pradesh,Chandauli,14958.0
Uttar Pradesh,Chitrakoot,14910.0
Uttar Pradesh,Deoria,27535.0
Uttar Pradesh,Etah,14800.0
Uttar Pradesh,Etawah,14567.0
Uttar Pradesh,Farrukhabad,22217.0
Uttar Pradesh,Fatehpur,33139.0
Uttar Pradesh,Firozabad,33778.0
Uttar Pradesh,Gautam Buddha Nagar,8410.0
Uttar Pradesh,Ghaziabad,18318.0
Uttar Pradesh,Ghazipur,33045.0
Uttar Pradesh,Gonda,24270.0
Uttar Pradesh,Gorakhpur,33891.0
Uttar Pradesh,Hamirpur,9710.0
Uttar Pradesh,Hapur,8239.0
Uttar Pradesh,Hardoi,42303.0
Uttar Pradesh,Hathras,15898.0
Uttar Pradesh,Jalaun,23770.0
Uttar Pradesh,Jaunpur,38322.0
Uttar Pradesh,Jhansi,15231.0
Uttar Pradesh,Kannauj,21041.0
Uttar Pradesh,Kanpur Dehat,17416.0
Uttar Pradesh,Kanpur Nagar,46428.0
Uttar Pradesh,Kasganj,9076.0
Uttar Pradesh,Kaushambi,13038.0
Uttar Pradesh,Kheri,32925.0
Uttar Pradesh,Kushinagar,19404.0
Uttar Pradesh,Lalitpur,8789.0
Uttar Pradesh,Lucknow,22878.0
Uttar Pradesh,Mahoba,6963.0
Uttar Pradesh,Mahrajganj,18353.0
Uttar Pradesh,Mainpuri,21343.0
Uttar Pradesh,Mathura,20633.0
Uttar Pradesh,Mau,17786.0
Uttar Pradesh,Meerut,21526.0
Uttar Pradesh,Mirzapur,17955.0
Uttar Pradesh,Moradabad,19397.0
Uttar Pradesh,Muzaffarnagar,23401.0
Uttar Pradesh,Pilibhit,22738.0
Uttar Pradesh,Pratapgarh,25836.0
Uttar Pradesh,Prayagraj,34592.0
Uttar Pradesh,Rae Bareli,20671.0
Uttar Pradesh,Rampur,12091.0
Uttar Pradesh,Saharanpur,22986.0
Uttar Pradesh,Sambhal,10808.0
Uttar Pradesh,Sant Kabir Nagar,9383.0
Uttar Pradesh,Shahjahanpur,45312.0
Uttar Pradesh,Shamli,10956.0
Uttar Pradesh,Shrawasti,9059.0
Uttar Pradesh,Siddharthnagar,24579.0
Uttar Pradesh,Sitapur,32065.0
Uttar Pradesh,Sonbhadra,11055.0
Uttar Pradesh,Sultanpur,20999.0
Uttar Pradesh,Unnao,22452.0
Uttar Pradesh,Varanasi,28009.0
Uttarakhand,Almora,8266.0
Uttarakhand,Bageshwar,4199.0
Uttarakhand,Chamoli,5632.0
Uttarakhand,Champawat,4295.0
Uttarakhand,Dehradun,12980.0
Uttarakhand,Haridwar,15228.0
Uttarakhand,Nainital,10605.0
Uttarakhand,Pauri Garhwal,7932.0
Uttarakhand,Pithoragarh,4263.0
Uttarakhand,Rudra Prayag,3054.0
Uttarakhand,Tehri Garhwal,9129.0
Uttarakhand,Udam Singh Nagar,12811.0
Uttarakhand,Uttar Kashi,5906.0
West Bengal,Alipurduar,3466.0
West Bengal,Bankura,7309.0
West Bengal,Birbhum,6793.0
West Bengal,Cooch Behar,8202.0
West Bengal,Dakshin Dinajpur,7938.0
West Bengal,Darjeeling,1575.0
West Bengal,Hooghly,12740.0
West Bengal,Howrah,7465.0
West Bengal,Jalpaiguri,4347.0
West Bengal,Jhargram,1170.0
West Bengal,Kalimpong,559.0
West Bengal,Kolkata,5588.0
West Bengal,Malda,7428.0
West Bengal,Murshidabad,20833.0
West Bengal,Nadia,11325.0
West Bengal,North 24 Parganas,18571.0
West Bengal,Paschim Bardhaman,4801.0
West Bengal,Paschim Medinipur,8644.0
West Bengal,Purba Bardhaman,12653.0
West Bengal,Purba Medinipur,15125.0
West Bengal,Purulia,7719.0
West Bengal,South 24 Parganas,20152.0
West Bengal,Uttar Dinajpur,6027.0
